ingreso_padres,sexo,ingreso,edad,hijos,educacion
" $7,279,022 ",Mujer," $5,608,477 ",27,0,Especialización
" $6,585,809 ",Mujer," $5,666,745 ",26,1,Especialización
" $8,559,029 ",Hombre," $2,751,480 ",31,1,Especialización
" $4,411,037 ",Hombre," $5,936,702 ",29,1,Especialización
" $5,020,035 ",Mujer," $1,054,201 ",38,0,Maestría
" $5,617,307 ",Hombre," $8,885,136 ",43,1,Pregrado
" $6,948,375 ",Mujer," $7,382,420 ",26,0,Pregrado
" $4,526,795 ",Hombre," $7,280,510 ",42,1,Especialización
" $5,242,605 ",Hombre," $4,833,497 ",29,1,Maestría
" $1,709,361 ",Hombre," $8,856,005 ",43,0,Pregrado
" $8,640,672 ",Hombre," $4,736,292 ",25,0,Maestría
" $5,223,836 ",Hombre," $5,241,220 ",44,1,Pregrado
" $6,558,278 ",Hombre," $2,644,115 ",42,0,Pregrado
" $7,144,554 ",Mujer," $4,950,555 ",44,1,Especialización
" $7,147,451 ",Mujer," $6,339,200 ",40,1,Especialización
" $2,483,374 ",Hombre," $7,260,088 ",32,1,Pregrado
" $8,050,604 ",Hombre," $513,779 ",30,1,Maestría
" $7,683,628 ",Hombre," $8,628,474 ",42,1,Pregrado
" $5,048,533 ",Hombre," $5,156,091 ",28,0,Especialización
" $4,677,044 ",Mujer," $2,524,345 ",36,1,Especialización
" $5,248,611 ",Hombre," $7,798,102 ",41,0,Maestría
" $6,833,631 ",Mujer," $3,807,224 ",30,0,Maestría
" $8,437,745 ",Mujer," $5,757,752 ",38,0,Pregrado
" $537,400 ",Mujer," $2,570,876 ",45,0,Especialización
" $8,829,250 ",Mujer," $8,275,658 ",31,0,Pregrado
" $2,275,689 ",Mujer," $2,350,195 ",43,0,Pregrado
" $4,637,506 ",Mujer," $4,374,938 ",43,0,Maestría
" $1,891,104 ",Hombre," $2,932,952 ",42,0,Especialización
" $5,426,721 ",Hombre," $7,787,888 ",32,1,Especialización
" $5,154,855 ",Mujer," $3,505,349 ",31,1,Especialización
" $2,262,400 ",Mujer," $2,352,027 ",44,0,Pregrado
" $851,711 ",Hombre," $7,056,847 ",27,1,Maestría
" $6,065,975 ",Mujer," $6,937,979 ",27,1,Especialización
" $7,522,205 ",Mujer," $8,679,786 ",36,0,Especialización
" $1,764,107 ",Mujer," $1,940,871 ",32,0,Especialización
" $7,257,543 ",Mujer," $8,981,557 ",41,0,Maestría
" $6,971,316 ",Hombre," $1,850,102 ",37,0,Especialización
" $3,916,468 ",Mujer," $8,160,843 ",35,1,Pregrado
" $3,960,189 ",Hombre," $1,718,369 ",39,1,Pregrado
" $2,065,765 ",Mujer," $457,781 ",34,1,Especialización
" $5,497,913 ",Hombre," $2,420,155 ",34,1,Maestría
" $1,620,265 ",Mujer," $1,453,785 ",37,1,Pregrado
" $5,288,698 ",Mujer," $8,713,845 ",29,0,Especialización
" $5,829,863 ",Hombre," $1,352,139 ",42,0,Maestría
" $6,878,096 ",Hombre," $7,526,111 ",29,0,Maestría
" $4,171,991 ",Mujer," $3,094,970 ",36,0,Especialización
" $7,359,275 ",Mujer," $1,335,984 ",25,1,Maestría
" $3,632,992 ",Mujer," $3,031,062 ",30,0,Especialización
" $5,364,108 ",Hombre," $6,729,999 ",26,0,Maestría
" $8,902,463 ",Mujer," $4,886,935 ",28,0,Maestría
" $2,258,753 ",Mujer," $1,693,568 ",45,0,Especialización
" $7,569,973 ",Hombre," $5,822,882 ",27,1,Maestría
" $1,526,829 ",Mujer," $2,976,190 ",34,0,Pregrado
" $1,892,684 ",Hombre," $1,582,452 ",32,0,Especialización
" $2,436,364 ",Mujer," $6,074,853 ",28,1,Pregrado
" $6,728,574 ",Hombre," $1,294,695 ",30,0,Especialización
" $6,566,324 ",Hombre," $1,897,719 ",45,0,Especialización
" $4,992,520 ",Mujer," $3,658,787 ",31,0,Pregrado
" $4,481,553 ",Mujer," $8,862,221 ",28,0,Especialización
" $3,889,311 ",Mujer," $7,751,517 ",29,1,Especialización
" $3,479,907 ",Hombre," $2,894,601 ",34,1,Pregrado
" $901,558 ",Mujer," $8,901,378 ",33,1,Pregrado
" $6,191,292 ",Hombre," $8,963,841 ",42,1,Especialización
" $3,291,286 ",Hombre," $8,653,644 ",38,0,Maestría
" $5,768,385 ",Mujer," $4,487,530 ",25,0,Maestría
" $848,378 ",Mujer," $7,254,667 ",26,1,Especialización
" $1,219,799 ",Hombre," $1,405,325 ",28,1,Pregrado
" $3,471,493 ",Hombre," $5,411,948 ",36,0,Maestría
" $4,356,481 ",Hombre," $2,233,949 ",27,1,Especialización
" $2,075,194 ",Mujer," $1,670,029 ",26,0,Maestría
" $7,168,393 ",Mujer," $3,030,550 ",43,0,Pregrado
" $5,539,239 ",Hombre," $6,028,667 ",35,1,Pregrado
" $7,401,483 ",Mujer," $6,860,145 ",35,0,Pregrado
" $5,473,664 ",Mujer," $6,820,206 ",27,0,Pregrado
" $2,632,057 ",Mujer," $1,477,804 ",25,0,Maestría
" $3,602,209 ",Mujer," $2,142,841 ",44,0,Pregrado
" $6,183,414 ",Hombre," $5,535,646 ",31,0,Especialización
" $7,569,646 ",Hombre," $760,712 ",26,0,Pregrado
" $6,824,690 ",Hombre," $1,119,409 ",39,0,Pregrado
" $7,243,789 ",Hombre," $7,607,796 ",29,0,Pregrado
" $6,888,009 ",Mujer," $3,039,465 ",28,1,Pregrado
" $4,072,379 ",Mujer," $1,272,002 ",42,0,Pregrado
" $5,014,789 ",Hombre," $2,143,239 ",41,0,Pregrado
" $8,812,474 ",Hombre," $8,859,308 ",36,0,Especialización
" $5,297,645 ",Mujer," $4,671,515 ",45,0,Pregrado
" $3,275,593 ",Mujer," $5,815,925 ",31,1,Maestría
" $3,839,222 ",Hombre," $1,944,129 ",41,1,Pregrado
" $934,854 ",Mujer," $3,703,871 ",31,1,Maestría
" $1,792,336 ",Hombre," $3,693,316 ",28,0,Especialización
" $5,499,860 ",Hombre," $1,904,303 ",43,1,Maestría
" $6,932,018 ",Mujer," $1,684,359 ",41,1,Pregrado
" $5,925,658 ",Mujer," $1,455,823 ",26,0,Maestría
" $6,544,823 ",Hombre," $7,752,978 ",42,0,Maestría
" $6,374,422 ",Hombre," $1,508,149 ",34,0,Especialización
" $6,363,160 ",Hombre," $1,291,243 ",40,1,Maestría
" $7,795,496 ",Mujer," $4,491,094 ",26,0,Especialización
" $1,287,465 ",Hombre," $6,341,066 ",26,1,Maestría
" $4,753,566 ",Mujer," $586,235 ",27,1,Maestría
" $3,698,260 ",Hombre," $8,694,739 ",32,0,Maestría
" $7,819,578 ",Hombre," $1,860,641 ",37,0,Maestría
" $729,337 ",Hombre," $7,225,947 ",45,0,Especialización
" $6,774,406 ",Hombre," $2,144,095 ",41,0,Pregrado
" $5,799,454 ",Mujer," $5,447,369 ",34,1,Especialización
" $2,619,987 ",Hombre," $6,160,272 ",32,1,Maestría
" $815,226 ",Mujer," $8,813,603 ",25,1,Especialización
" $447,580 ",Hombre," $6,612,891 ",38,0,Pregrado
" $7,690,462 ",Mujer," $4,153,438 ",36,1,Maestría
" $3,108,177 ",Mujer," $673,845 ",44,1,Pregrado
" $8,261,306 ",Mujer," $7,793,576 ",36,1,Maestría
" $8,793,864 ",Mujer," $5,210,466 ",35,1,Pregrado
" $6,834,317 ",Hombre," $8,014,646 ",34,1,Especialización
" $4,009,941 ",Mujer," $8,586,657 ",27,0,Pregrado
" $8,485,098 ",Hombre," $4,060,157 ",30,0,Pregrado
" $7,830,085 ",Hombre," $3,509,208 ",43,0,Especialización
" $6,273,554 ",Mujer," $6,478,088 ",38,0,Pregrado
" $6,248,256 ",Mujer," $1,427,407 ",33,0,Especialización
" $2,939,448 ",Mujer," $6,195,269 ",32,0,Especialización
" $4,056,367 ",Mujer," $3,755,632 ",35,0,Maestría
" $6,701,238 ",Mujer," $7,794,208 ",30,0,Pregrado
" $4,489,641 ",Hombre," $8,065,120 ",30,0,Especialización
" $2,791,057 ",Mujer," $5,919,262 ",26,0,Especialización
" $6,368,322 ",Hombre," $6,703,215 ",37,1,Especialización
" $8,242,945 ",Hombre," $1,233,566 ",43,0,Maestría
" $5,999,260 ",Mujer," $3,168,472 ",39,0,Pregrado
" $4,932,406 ",Mujer," $3,195,516 ",40,0,Especialización
" $6,637,014 ",Hombre," $1,322,705 ",31,1,Maestría
" $4,857,309 ",Hombre," $3,850,435 ",33,1,Especialización
" $5,341,136 ",Hombre," $6,625,102 ",38,1,Pregrado
" $8,810,857 ",Hombre," $953,731 ",43,1,Especialización
" $5,136,456 ",Hombre," $7,658,571 ",39,1,Especialización
" $2,821,693 ",Hombre," $4,807,540 ",33,0,Maestría
" $427,916 ",Hombre," $5,852,717 ",32,0,Especialización
" $1,023,132 ",Mujer," $3,428,090 ",43,0,Especialización
" $5,792,506 ",Hombre," $1,725,400 ",36,0,Maestría
" $673,120 ",Mujer," $6,944,063 ",28,0,Maestría
" $4,322,992 ",Mujer," $1,532,013 ",29,0,Pregrado
" $2,946,355 ",Hombre," $1,748,396 ",36,1,Pregrado
" $5,520,839 ",Mujer," $3,715,807 ",32,1,Maestría
" $7,630,511 ",Hombre," $1,285,511 ",41,1,Maestría
" $920,433 ",Mujer," $3,613,777 ",43,1,Pregrado
" $6,417,988 ",Hombre," $8,725,763 ",31,1,Especialización
" $3,891,996 ",Mujer," $8,904,714 ",25,1,Especialización
" $6,957,541 ",Mujer," $8,994,797 ",39,1,Pregrado
" $8,361,160 ",Hombre," $5,285,030 ",41,0,Pregrado
" $2,579,387 ",Hombre," $2,252,614 ",26,1,Maestría
" $5,361,229 ",Mujer," $8,441,187 ",43,1,Pregrado
" $909,157 ",Hombre," $7,672,767 ",37,0,Especialización
" $1,033,977 ",Mujer," $5,731,362 ",43,1,Especialización
" $3,601,181 ",Mujer," $7,988,096 ",44,0,Especialización
" $1,221,909 ",Hombre," $7,118,027 ",45,1,Maestría
" $4,671,311 ",Mujer," $6,325,977 ",31,0,Pregrado
" $1,093,656 ",Hombre," $4,750,948 ",42,1,Pregrado
" $1,292,926 ",Hombre," $1,715,827 ",28,1,Especialización
" $2,389,816 ",Mujer," $5,615,507 ",27,1,Especialización
" $1,286,467 ",Hombre," $7,563,182 ",32,0,Especialización
" $2,814,603 ",Mujer," $6,756,435 ",29,0,Maestría
" $6,700,026 ",Mujer," $5,891,794 ",36,1,Pregrado
" $4,217,141 ",Hombre," $2,010,589 ",44,1,Especialización
" $3,763,690 ",Mujer," $4,497,886 ",43,0,Especialización
" $7,149,227 ",Hombre," $3,431,600 ",40,0,Pregrado
" $7,515,147 ",Mujer," $2,189,760 ",27,0,Maestría
" $4,489,975 ",Mujer," $7,790,846 ",33,0,Maestría
" $5,691,674 ",Mujer," $4,958,735 ",32,1,Maestría
" $7,835,544 ",Mujer," $2,442,904 ",38,0,Pregrado
" $8,613,504 ",Hombre," $6,834,292 ",44,0,Especialización
" $944,553 ",Mujer," $2,402,632 ",43,0,Especialización
" $8,721,247 ",Mujer," $3,895,879 ",32,0,Especialización
" $4,046,444 ",Mujer," $4,174,457 ",36,1,Pregrado
" $2,738,860 ",Hombre," $968,757 ",45,1,Especialización
" $1,621,699 ",Mujer," $7,716,337 ",25,1,Pregrado
" $2,272,636 ",Mujer," $4,990,595 ",31,1,Especialización
" $4,210,744 ",Mujer," $7,804,525 ",28,1,Especialización
" $7,848,489 ",Hombre," $548,064 ",33,1,Pregrado
" $7,964,191 ",Mujer," $2,889,517 ",34,0,Especialización
" $2,389,987 ",Mujer," $8,566,012 ",37,1,Pregrado
" $7,091,198 ",Mujer," $7,794,861 ",38,0,Especialización
" $2,674,150 ",Mujer," $616,995 ",38,0,Especialización
" $646,255 ",Mujer," $4,496,690 ",44,0,Pregrado
" $3,844,750 ",Hombre," $7,702,201 ",28,1,Pregrado
" $965,571 ",Mujer," $5,103,957 ",28,1,Maestría
" $2,283,080 ",Mujer," $879,488 ",42,1,Pregrado
" $1,977,440 ",Hombre," $2,120,527 ",43,0,Especialización
" $5,715,982 ",Mujer," $1,591,192 ",40,1,Maestría
" $2,576,332 ",Mujer," $2,631,776 ",31,1,Maestría
" $7,302,429 ",Hombre," $2,276,297 ",28,0,Maestría
" $7,467,399 ",Hombre," $8,308,076 ",28,0,Maestría
" $3,647,518 ",Mujer," $4,503,943 ",45,1,Pregrado
" $3,273,727 ",Mujer," $4,645,030 ",25,1,Especialización
" $2,112,116 ",Hombre," $1,475,971 ",26,1,Especialización
" $2,080,236 ",Mujer," $7,703,562 ",36,1,Maestría
" $1,854,407 ",Mujer," $2,524,943 ",32,1,Especialización
" $8,304,136 ",Mujer," $7,807,517 ",28,0,Pregrado
" $4,274,247 ",Hombre," $3,273,864 ",35,0,Especialización
" $5,933,243 ",Hombre," $6,714,826 ",33,1,Pregrado
" $6,633,984 ",Mujer," $672,787 ",43,1,Pregrado
" $6,027,358 ",Hombre," $6,177,852 ",28,0,Maestría
" $4,868,413 ",Hombre," $7,637,046 ",44,0,Pregrado
" $511,680 ",Mujer," $7,286,437 ",33,0,Especialización
" $1,807,953 ",Hombre," $2,914,339 ",39,1,Maestría
" $1,851,329 ",Mujer," $1,677,886 ",30,0,Pregrado
" $4,021,980 ",Mujer," $7,033,246 ",39,0,Especialización
" $6,421,461 ",Mujer," $1,995,990 ",35,0,Pregrado
" $1,082,100 ",Hombre," $5,205,636 ",39,0,Maestría
" $4,318,187 ",Mujer," $8,666,995 ",34,0,Maestría
" $7,319,996 ",Mujer," $2,073,872 ",41,0,Especialización
" $4,860,530 ",Hombre," $8,121,086 ",37,1,Especialización
" $4,527,539 ",Hombre," $1,253,109 ",32,1,Maestría
" $5,413,864 ",Mujer," $692,838 ",36,1,Pregrado
" $5,081,424 ",Hombre," $6,939,177 ",26,0,Especialización
" $4,094,377 ",Hombre," $4,258,536 ",32,0,Especialización
" $1,583,179 ",Mujer," $4,358,820 ",43,1,Especialización
" $6,903,913 ",Hombre," $1,331,147 ",27,0,Maestría
" $4,088,722 ",Mujer," $5,107,386 ",41,1,Especialización
" $6,855,167 ",Mujer," $3,797,261 ",43,1,Maestría
" $4,152,774 ",Mujer," $443,635 ",40,0,Especialización
" $6,896,265 ",Hombre," $809,253 ",27,1,Pregrado
" $974,178 ",Hombre," $5,073,482 ",35,0,Especialización
" $7,604,959 ",Mujer," $5,068,128 ",33,0,Pregrado
" $7,674,725 ",Mujer," $6,537,822 ",36,0,Maestría
" $7,503,558 ",Mujer," $1,577,767 ",33,0,Pregrado
" $3,695,026 ",Hombre," $6,957,038 ",35,0,Pregrado
" $5,804,203 ",Mujer," $1,080,765 ",30,0,Pregrado
" $1,503,237 ",Hombre," $1,983,431 ",40,1,Maestría
" $1,439,390 ",Mujer," $927,575 ",35,0,Especialización
" $520,205 ",Mujer," $6,321,426 ",42,0,Pregrado
" $5,934,904 ",Mujer," $8,293,540 ",27,1,Especialización
" $2,538,907 ",Hombre," $8,167,938 ",33,0,Maestría
" $5,597,399 ",Hombre," $5,288,086 ",30,1,Especialización
" $4,389,570 ",Hombre," $1,858,445 ",27,1,Maestría
" $2,982,440 ",Mujer," $6,692,712 ",45,1,Maestría
" $6,528,423 ",Hombre," $8,505,353 ",38,1,Maestría
" $8,398,783 ",Hombre," $1,234,473 ",42,0,Pregrado
" $685,032 ",Hombre," $1,504,934 ",37,0,Pregrado
" $8,758,369 ",Hombre," $7,863,243 ",28,0,Pregrado
" $1,231,156 ",Hombre," $7,660,433 ",45,0,Especialización
" $3,630,700 ",Hombre," $7,439,481 ",31,0,Pregrado
" $1,552,679 ",Hombre," $583,920 ",36,1,Especialización
" $3,777,104 ",Hombre," $5,446,428 ",29,0,Especialización
" $8,194,323 ",Hombre," $1,672,846 ",29,0,Especialización
" $7,066,497 ",Hombre," $1,355,467 ",42,0,Pregrado
" $7,629,525 ",Hombre," $7,324,474 ",26,1,Pregrado
" $5,698,270 ",Hombre," $4,625,556 ",28,0,Maestría
" $6,612,793 ",Hombre," $5,277,124 ",32,0,Maestría
" $3,601,087 ",Hombre," $740,118 ",25,0,Pregrado
" $6,560,269 ",Hombre," $6,932,223 ",45,0,Maestría
" $3,019,323 ",Hombre," $3,356,981 ",40,1,Pregrado
" $5,211,909 ",Mujer," $5,799,488 ",45,0,Maestría
" $1,796,088 ",Mujer," $7,589,352 ",29,1,Maestría
" $3,613,864 ",Hombre," $4,222,236 ",45,1,Pregrado
" $8,014,773 ",Hombre," $5,609,055 ",35,1,Maestría
" $1,355,753 ",Hombre," $4,070,887 ",26,1,Pregrado
" $7,252,663 ",Hombre," $643,906 ",36,0,Pregrado
" $7,880,463 ",Hombre," $4,086,656 ",29,0,Especialización
" $5,991,958 ",Mujer," $6,208,147 ",30,1,Maestría
" $1,698,211 ",Hombre," $7,470,079 ",35,1,Especialización
" $5,520,381 ",Hombre," $8,815,718 ",39,0,Especialización
" $4,743,385 ",Hombre," $1,081,045 ",25,0,Maestría
" $3,781,949 ",Mujer," $7,052,550 ",45,0,Especialización
" $4,478,909 ",Mujer," $5,977,921 ",31,0,Maestría
" $6,501,401 ",Hombre," $4,945,086 ",32,1,Pregrado
" $2,564,968 ",Mujer," $7,685,902 ",43,0,Especialización
" $3,309,256 ",Mujer," $494,800 ",31,0,Pregrado
" $1,131,714 ",Mujer," $8,982,046 ",42,1,Especialización
" $3,330,985 ",Hombre," $6,351,540 ",31,1,Maestría
" $6,777,109 ",Mujer," $2,185,461 ",36,0,Pregrado
" $2,273,054 ",Mujer," $4,192,811 ",43,0,Maestría
" $7,447,572 ",Hombre," $5,749,141 ",40,1,Especialización
" $3,185,562 ",Mujer," $4,620,907 ",26,1,Especialización
" $4,077,210 ",Mujer," $4,099,120 ",33,1,Maestría
" $1,116,203 ",Mujer," $6,537,969 ",45,1,Maestría
" $5,745,068 ",Hombre," $7,785,173 ",30,1,Especialización
" $7,560,041 ",Mujer," $1,212,657 ",29,1,Maestría
" $4,470,548 ",Mujer," $3,649,211 ",38,0,Especialización
" $1,611,029 ",Mujer," $4,449,476 ",36,1,Pregrado
" $5,838,706 ",Hombre," $2,320,792 ",37,1,Maestría
" $2,450,451 ",Hombre," $4,550,143 ",33,0,Pregrado
" $2,325,137 ",Mujer," $446,968 ",37,0,Especialización
" $2,598,254 ",Hombre," $4,221,615 ",39,0,Maestría
" $8,975,864 ",Hombre," $8,806,754 ",34,0,Pregrado
" $7,030,544 ",Hombre," $613,219 ",42,0,Especialización
" $1,709,603 ",Mujer," $5,705,905 ",31,1,Maestría
" $5,404,700 ",Hombre," $5,613,839 ",35,0,Pregrado
" $6,990,651 ",Mujer," $3,144,603 ",27,0,Especialización
" $2,070,862 ",Hombre," $2,465,105 ",38,0,Especialización
" $4,880,872 ",Hombre," $691,099 ",43,0,Maestría
" $7,018,592 ",Mujer," $6,338,486 ",36,1,Especialización
" $2,074,264 ",Mujer," $4,519,415 ",41,0,Especialización
" $7,495,954 ",Hombre," $1,873,480 ",38,1,Maestría
" $6,330,183 ",Mujer," $3,497,189 ",42,1,Pregrado
" $4,318,596 ",Hombre," $1,219,779 ",25,1,Pregrado
" $8,016,679 ",Mujer," $7,981,814 ",40,0,Especialización
" $5,222,016 ",Mujer," $5,398,534 ",29,0,Pregrado
" $5,870,318 ",Hombre," $6,935,075 ",25,1,Especialización
" $3,919,416 ",Mujer," $1,716,744 ",39,1,Pregrado
" $4,935,959 ",Hombre," $8,858,357 ",33,1,Especialización
" $5,499,657 ",Hombre," $464,021 ",28,1,Especialización
" $7,300,077 ",Mujer," $5,767,672 ",36,0,Maestría
" $7,344,880 ",Hombre," $3,817,743 ",26,0,Especialización
" $2,155,716 ",Mujer," $915,520 ",29,1,Maestría
" $5,472,533 ",Mujer," $8,626,091 ",44,1,Maestría
" $8,115,857 ",Mujer," $8,444,012 ",32,1,Maestría
" $5,150,945 ",Mujer," $2,801,374 ",34,0,Especialización
" $3,617,068 ",Mujer," $6,676,568 ",32,1,Maestría
" $1,233,975 ",Mujer," $6,828,063 ",26,0,Pregrado
" $8,699,907 ",Mujer," $5,796,823 ",44,1,Especialización
" $4,675,033 ",Mujer," $8,583,312 ",40,1,Especialización
" $5,007,747 ",Hombre," $4,802,949 ",29,1,Maestría
" $7,285,065 ",Hombre," $4,921,631 ",38,0,Pregrado
" $3,490,606 ",Mujer," $4,450,927 ",27,0,Especialización
" $7,788,449 ",Mujer," $7,051,367 ",29,0,Especialización
" $647,032 ",Mujer," $3,630,278 ",44,1,Maestría
" $7,667,960 ",Mujer," $6,839,960 ",39,1,Maestría
" $5,912,748 ",Mujer," $5,097,275 ",43,1,Pregrado
" $951,520 ",Hombre," $7,079,047 ",34,0,Pregrado
" $2,955,709 ",Hombre," $6,312,232 ",31,1,Especialización
" $4,214,287 ",Hombre," $3,218,851 ",36,0,Maestría
" $1,094,735 ",Mujer," $5,071,222 ",30,0,Especialización
" $2,544,089 ",Mujer," $4,080,092 ",38,1,Maestría
" $7,741,385 ",Hombre," $8,037,780 ",33,0,Pregrado
" $5,816,114 ",Mujer," $7,814,062 ",39,1,Especialización
" $6,894,733 ",Mujer," $2,958,957 ",34,1,Especialización
" $1,080,949 ",Mujer," $3,650,784 ",27,0,Especialización
" $5,970,145 ",Hombre," $2,631,921 ",30,1,Especialización
" $7,345,631 ",Hombre," $1,304,798 ",30,1,Maestría
" $2,701,593 ",Hombre," $4,710,432 ",36,1,Especialización
" $2,963,720 ",Mujer," $6,550,871 ",28,0,Maestría
" $8,044,857 ",Mujer," $4,354,570 ",34,1,Maestría
" $5,005,667 ",Mujer," $964,497 ",26,0,Pregrado
" $1,981,092 ",Mujer," $8,950,148 ",44,1,Especialización
" $2,215,658 ",Mujer," $2,187,374 ",26,0,Maestría
" $2,017,185 ",Mujer," $4,351,227 ",40,1,Especialización
" $5,916,216 ",Hombre," $5,318,714 ",35,1,Maestría
" $7,655,977 ",Mujer," $3,779,009 ",36,1,Pregrado
" $1,218,163 ",Mujer," $4,821,750 ",45,0,Maestría
" $2,300,080 ",Mujer," $1,128,131 ",34,0,Especialización
" $3,275,976 ",Hombre," $6,735,575 ",28,1,Maestría
" $6,935,858 ",Mujer," $4,500,360 ",29,1,Especialización
" $8,065,828 ",Mujer," $1,526,142 ",27,0,Maestría
" $5,924,872 ",Mujer," $8,917,487 ",38,0,Pregrado
" $3,252,817 ",Mujer," $3,940,072 ",40,1,Especialización
" $2,633,498 ",Mujer," $2,325,944 ",43,1,Especialización
" $5,111,564 ",Mujer," $6,788,504 ",38,1,Maestría
" $2,705,946 ",Hombre," $4,988,758 ",28,1,Especialización
" $2,735,378 ",Mujer," $2,635,526 ",26,1,Especialización
" $6,467,177 ",Mujer," $3,499,996 ",35,1,Pregrado
" $3,358,937 ",Mujer," $2,345,895 ",29,0,Especialización
" $7,756,037 ",Hombre," $6,077,036 ",44,1,Especialización
" $3,923,993 ",Mujer," $6,772,958 ",36,0,Pregrado
" $6,170,035 ",Mujer," $6,123,691 ",35,0,Especialización
" $6,110,639 ",Mujer," $650,803 ",44,0,Especialización
" $2,461,588 ",Mujer," $7,667,574 ",39,1,Especialización
" $1,885,813 ",Mujer," $3,656,404 ",45,0,Especialización
" $3,778,640 ",Hombre," $6,460,315 ",34,1,Pregrado
" $4,446,150 ",Mujer," $3,901,920 ",27,0,Maestría
" $7,747,327 ",Mujer," $5,984,359 ",29,0,Maestría
" $5,124,486 ",Hombre," $6,814,049 ",40,1,Maestría
" $3,128,563 ",Mujer," $8,048,547 ",35,1,Especialización
" $3,870,259 ",Mujer," $4,488,641 ",27,1,Especialización
" $7,147,538 ",Mujer," $6,850,313 ",32,1,Maestría
" $1,389,579 ",Mujer," $8,517,285 ",42,1,Pregrado
" $7,402,763 ",Mujer," $5,792,564 ",30,1,Especialización
" $2,916,677 ",Hombre," $4,479,240 ",26,0,Especialización
" $5,142,863 ",Hombre," $1,544,766 ",39,1,Maestría
" $7,405,372 ",Mujer," $5,073,323 ",26,1,Especialización
" $7,210,399 ",Hombre," $635,865 ",35,0,Pregrado
" $4,625,485 ",Mujer," $7,065,608 ",36,0,Especialización
" $6,600,804 ",Mujer," $2,499,944 ",44,0,Especialización
" $8,829,134 ",Mujer," $853,335 ",27,1,Pregrado
" $702,184 ",Hombre," $5,787,942 ",26,0,Especialización
" $6,151,919 ",Mujer," $3,895,192 ",43,1,Pregrado
" $2,943,148 ",Mujer," $1,579,040 ",45,0,Especialización
" $1,890,811 ",Hombre," $3,182,725 ",29,0,Maestría
" $2,937,071 ",Mujer," $444,656 ",32,0,Pregrado
" $5,816,331 ",Mujer," $5,439,273 ",32,0,Especialización
" $7,616,698 ",Hombre," $7,133,312 ",27,0,Pregrado
" $3,315,333 ",Mujer," $3,551,609 ",34,1,Maestría
" $2,231,658 ",Hombre," $8,134,488 ",41,0,Maestría
" $6,185,923 ",Mujer," $4,461,973 ",30,1,Pregrado
" $3,313,889 ",Mujer," $2,273,288 ",28,0,Pregrado
" $892,521 ",Mujer," $5,145,492 ",37,1,Maestría
" $749,941 ",Mujer," $5,818,228 ",34,0,Especialización
" $5,783,976 ",Mujer," $4,231,653 ",35,0,Maestría
" $4,383,818 ",Hombre," $2,848,957 ",44,0,Especialización
" $3,739,198 ",Mujer," $2,809,523 ",30,1,Maestría
" $3,789,725 ",Hombre," $5,172,195 ",30,0,Pregrado
" $7,580,749 ",Mujer," $2,560,920 ",45,1,Pregrado
" $8,925,174 ",Mujer," $7,722,322 ",25,1,Especialización
" $4,993,547 ",Hombre," $7,667,095 ",41,1,Especialización
" $1,535,982 ",Mujer," $3,150,784 ",33,1,Especialización
" $7,410,779 ",Hombre," $7,420,099 ",35,1,Especialización
" $4,677,499 ",Hombre," $8,317,190 ",28,1,Pregrado
" $6,593,527 ",Hombre," $5,325,201 ",42,1,Especialización
" $2,999,581 ",Hombre," $1,995,912 ",39,1,Maestría
" $4,992,708 ",Mujer," $4,808,155 ",36,0,Especialización
" $5,276,386 ",Mujer," $1,630,565 ",37,0,Especialización
" $6,500,555 ",Hombre," $577,184 ",32,1,Pregrado
" $6,599,927 ",Mujer," $1,542,110 ",37,1,Especialización
" $2,735,816 ",Mujer," $6,303,820 ",29,1,Especialización
" $8,412,799 ",Mujer," $7,470,737 ",29,0,Especialización
" $8,294,319 ",Hombre," $2,472,228 ",31,1,Especialización
" $3,011,547 ",Mujer," $2,375,521 ",39,1,Pregrado
" $5,726,941 ",Hombre," $1,815,732 ",41,0,Especialización
" $3,547,429 ",Mujer," $1,533,372 ",42,0,Pregrado
" $7,538,319 ",Hombre," $6,861,301 ",29,0,Maestría
" $4,670,883 ",Hombre," $3,138,230 ",37,1,Maestría
" $1,909,685 ",Hombre," $5,362,818 ",36,1,Especialización
" $6,650,261 ",Hombre," $7,556,625 ",40,1,Maestría
" $7,520,007 ",Hombre," $1,854,968 ",32,0,Pregrado
" $4,695,239 ",Mujer," $8,518,656 ",35,0,Especialización
" $4,134,619 ",Mujer," $5,651,203 ",42,0,Especialización
" $1,109,581 ",Hombre," $925,904 ",39,1,Especialización
" $7,986,789 ",Hombre," $4,076,175 ",44,1,Especialización
" $3,598,055 ",Hombre," $4,308,842 ",35,0,Maestría
" $5,159,868 ",Hombre," $2,012,683 ",31,1,Maestría
" $8,402,765 ",Hombre," $3,059,462 ",28,0,Especialización
" $3,366,787 ",Hombre," $8,310,918 ",32,0,Pregrado
" $571,520 ",Hombre," $7,009,941 ",27,0,Especialización
" $6,828,091 ",Mujer," $975,788 ",25,1,Especialización
" $3,343,605 ",Hombre," $5,090,715 ",42,0,Maestría
" $4,519,613 ",Mujer," $6,992,232 ",28,1,Especialización
" $5,616,918 ",Mujer," $2,772,954 ",30,1,Maestría
" $8,732,480 ",Mujer," $1,157,302 ",37,1,Especialización
" $2,373,649 ",Mujer," $1,504,705 ",37,1,Pregrado
" $6,177,212 ",Mujer," $8,415,113 ",44,1,Especialización
" $928,956 ",Hombre," $5,161,420 ",44,1,Pregrado
" $484,242 ",Mujer," $8,368,954 ",44,1,Especialización
" $6,595,439 ",Mujer," $4,073,917 ",43,0,Pregrado
" $5,385,326 ",Mujer," $1,001,147 ",39,0,Especialización
" $4,241,473 ",Mujer," $5,680,657 ",29,0,Especialización
" $8,192,630 ",Hombre," $4,262,226 ",44,1,Especialización
" $7,488,455 ",Hombre," $8,867,868 ",45,0,Maestría
" $2,628,124 ",Mujer," $3,565,997 ",43,1,Especialización
" $3,043,590 ",Hombre," $1,795,772 ",41,1,Especialización
" $7,408,175 ",Mujer," $3,513,452 ",33,0,Especialización
" $1,743,109 ",Mujer," $3,315,225 ",25,0,Pregrado
" $5,737,142 ",Hombre," $1,998,712 ",27,1,Maestría
" $6,601,178 ",Hombre," $5,697,746 ",38,1,Pregrado
" $5,519,739 ",Mujer," $1,761,619 ",31,1,Pregrado
" $3,431,627 ",Hombre," $5,564,734 ",39,0,Pregrado
" $8,713,550 ",Hombre," $4,128,082 ",30,1,Especialización
" $4,473,342 ",Mujer," $3,685,622 ",45,1,Especialización
" $8,292,346 ",Hombre," $1,420,896 ",25,0,Pregrado
" $1,366,176 ",Hombre," $8,804,270 ",39,1,Especialización
" $4,383,167 ",Mujer," $7,169,487 ",31,1,Pregrado
" $6,637,167 ",Mujer," $1,809,318 ",45,0,Maestría
" $3,714,792 ",Mujer," $655,538 ",31,0,Pregrado
" $3,783,251 ",Mujer," $8,309,210 ",43,1,Pregrado
" $5,630,012 ",Hombre," $4,118,094 ",28,1,Especialización
" $6,808,887 ",Mujer," $6,032,634 ",42,1,Pregrado
" $5,937,853 ",Hombre," $7,026,702 ",41,1,Maestría
" $1,310,586 ",Mujer," $7,935,527 ",37,0,Pregrado
" $4,842,738 ",Hombre," $5,677,176 ",29,0,Especialización
" $3,538,018 ",Hombre," $1,220,997 ",43,1,Maestría
" $7,257,931 ",Mujer," $2,217,951 ",45,0,Pregrado
" $3,863,540 ",Hombre," $4,846,198 ",44,0,Especialización
" $6,756,389 ",Mujer," $7,702,914 ",34,1,Especialización
" $8,945,251 ",Mujer," $8,995,687 ",27,1,Especialización
" $796,053 ",Hombre," $6,195,093 ",40,0,Maestría
" $7,828,708 ",Hombre," $7,732,222 ",39,0,Especialización
" $7,856,049 ",Mujer," $8,792,705 ",30,0,Especialización
" $3,200,257 ",Hombre," $1,401,462 ",33,0,Pregrado
" $3,781,327 ",Mujer," $3,020,467 ",45,0,Pregrado
" $3,605,958 ",Hombre," $5,893,851 ",30,1,Pregrado
" $1,648,911 ",Hombre," $1,208,783 ",33,0,Especialización
" $6,887,906 ",Mujer," $5,697,264 ",38,1,Especialización
" $1,603,431 ",Hombre," $4,447,610 ",25,0,Pregrado
" $8,428,286 ",Hombre," $2,709,413 ",27,0,Especialización
" $8,643,519 ",Hombre," $8,550,031 ",35,0,Especialización
" $8,965,228 ",Hombre," $5,681,925 ",30,0,Maestría
" $3,202,541 ",Mujer," $1,936,399 ",40,0,Pregrado
" $1,745,010 ",Mujer," $2,605,654 ",26,0,Maestría
" $3,076,230 ",Mujer," $7,959,544 ",44,0,Especialización
" $3,854,110 ",Mujer," $7,390,213 ",29,1,Especialización
" $7,996,811 ",Mujer," $4,703,146 ",42,1,Maestría
" $8,124,131 ",Mujer," $4,690,406 ",35,0,Maestría
" $2,040,171 ",Hombre," $1,988,077 ",45,1,Maestría
" $1,927,977 ",Hombre," $2,570,581 ",26,1,Especialización
" $7,038,462 ",Mujer," $2,035,486 ",38,0,Maestría
" $1,132,797 ",Hombre," $4,254,502 ",35,0,Pregrado
" $7,548,724 ",Mujer," $5,896,982 ",38,0,Pregrado
" $6,216,476 ",Hombre," $5,399,397 ",43,1,Especialización
" $648,219 ",Mujer," $1,429,890 ",30,0,Pregrado
" $4,844,400 ",Hombre," $5,146,382 ",44,1,Pregrado
" $5,542,650 ",Mujer," $709,552 ",43,1,Maestría
" $4,909,178 ",Mujer," $4,706,132 ",29,1,Especialización
" $6,401,587 ",Mujer," $8,451,603 ",30,0,Maestría
" $404,067 ",Hombre," $2,190,606 ",44,1,Especialización
" $6,241,041 ",Mujer," $2,779,170 ",32,1,Pregrado
" $1,962,718 ",Mujer," $3,912,283 ",27,0,Maestría
" $7,015,881 ",Mujer," $4,922,279 ",41,1,Especialización
" $2,045,578 ",Hombre," $8,662,609 ",44,1,Pregrado
" $2,515,910 ",Mujer," $1,254,881 ",27,0,Especialización
" $2,908,790 ",Hombre," $1,599,175 ",26,0,Maestría
" $5,426,131 ",Mujer," $6,379,475 ",26,0,Maestría
" $5,175,466 ",Hombre," $5,178,087 ",36,0,Pregrado
" $1,985,735 ",Mujer," $7,933,111 ",42,0,Especialización
" $1,264,729 ",Mujer," $5,440,123 ",29,1,Especialización
" $3,722,215 ",Mujer," $2,620,364 ",41,0,Maestría
" $4,778,296 ",Mujer," $4,356,188 ",42,1,Especialización
" $4,328,785 ",Hombre," $8,169,589 ",33,1,Pregrado
" $6,763,173 ",Hombre," $2,532,043 ",26,1,Especialización
" $6,570,961 ",Hombre," $4,535,314 ",27,1,Maestría
" $8,939,714 ",Mujer," $6,575,865 ",28,0,Especialización
" $7,266,033 ",Hombre," $1,477,550 ",45,0,Pregrado
" $4,958,603 ",Mujer," $3,650,970 ",35,0,Especialización
" $6,979,393 ",Mujer," $867,183 ",27,1,Maestría
" $2,554,005 ",Mujer," $5,179,423 ",30,1,Especialización
" $4,368,023 ",Hombre," $5,101,820 ",43,0,Pregrado
" $6,747,375 ",Mujer," $7,280,060 ",38,0,Especialización
" $2,883,461 ",Hombre," $7,609,712 ",27,1,Pregrado
" $7,958,386 ",Hombre," $1,866,861 ",32,1,Pregrado
" $4,004,361 ",Hombre," $3,161,226 ",43,0,Especialización
" $7,099,904 ",Mujer," $7,160,518 ",30,1,Maestría
" $7,526,885 ",Mujer," $4,683,319 ",31,0,Pregrado
" $3,813,992 ",Hombre," $6,261,991 ",44,0,Especialización
" $1,532,095 ",Mujer," $4,261,260 ",42,1,Pregrado
" $4,980,768 ",Mujer," $5,586,760 ",25,1,Especialización
" $5,672,380 ",Mujer," $3,472,588 ",25,0,Especialización
" $3,598,848 ",Hombre," $2,128,846 ",26,0,Maestría
" $6,462,998 ",Hombre," $7,383,100 ",31,0,Especialización
" $2,699,375 ",Hombre," $6,356,907 ",40,0,Pregrado
" $5,102,190 ",Hombre," $5,655,126 ",35,0,Especialización
" $2,577,153 ",Mujer," $6,361,488 ",30,1,Pregrado
" $872,874 ",Hombre," $5,768,936 ",27,0,Pregrado
" $7,898,001 ",Hombre," $2,089,037 ",31,0,Maestría
" $8,715,049 ",Hombre," $5,431,894 ",33,0,Maestría
" $8,327,781 ",Hombre," $956,680 ",41,0,Maestría
" $3,326,696 ",Mujer," $675,904 ",40,1,Maestría
" $3,622,772 ",Mujer," $7,308,133 ",45,1,Especialización
" $6,526,402 ",Hombre," $7,615,817 ",36,0,Especialización
" $6,367,913 ",Mujer," $2,455,295 ",42,1,Pregrado
" $8,425,895 ",Mujer," $3,255,115 ",37,0,Maestría
" $1,985,930 ",Mujer," $6,029,772 ",35,0,Maestría
" $4,981,229 ",Mujer," $7,614,217 ",32,0,Maestría
" $6,026,147 ",Mujer," $8,828,533 ",39,1,Especialización
" $6,086,398 ",Hombre," $2,134,826 ",36,1,Pregrado
" $2,829,110 ",Hombre," $6,251,723 ",29,0,Pregrado
" $4,574,975 ",Mujer," $2,020,120 ",44,0,Maestría
" $8,212,817 ",Mujer," $2,836,869 ",25,0,Maestría
" $5,306,773 ",Hombre," $6,785,099 ",39,0,Especialización
" $7,867,978 ",Hombre," $593,535 ",28,1,Pregrado
" $4,426,012 ",Hombre," $2,313,091 ",32,1,Pregrado
" $4,127,332 ",Mujer," $8,906,096 ",30,1,Especialización
" $2,140,142 ",Mujer," $6,406,266 ",26,1,Pregrado
" $7,892,206 ",Hombre," $2,948,251 ",36,1,Especialización
" $2,306,509 ",Mujer," $5,447,540 ",32,1,Especialización
" $3,236,261 ",Mujer," $5,230,019 ",34,0,Especialización
" $615,115 ",Mujer," $7,801,154 ",26,1,Especialización
" $7,181,789 ",Hombre," $1,335,773 ",43,0,Pregrado
" $7,267,301 ",Mujer," $6,394,730 ",42,1,Pregrado
" $8,361,524 ",Hombre," $2,856,597 ",34,0,Maestría
" $2,770,432 ",Mujer," $4,380,173 ",25,0,Maestría
" $5,791,459 ",Mujer," $3,825,188 ",26,0,Maestría
" $1,916,509 ",Mujer," $3,170,898 ",35,0,Especialización
" $4,367,758 ",Hombre," $6,363,899 ",42,1,Especialización
" $5,373,433 ",Hombre," $6,405,428 ",33,0,Maestría
" $903,803 ",Hombre," $741,985 ",33,1,Especialización
" $6,532,118 ",Mujer," $1,436,190 ",29,1,Especialización
" $3,696,929 ",Hombre," $7,425,895 ",39,0,Especialización
" $4,835,485 ",Hombre," $1,692,754 ",38,1,Maestría
" $6,562,335 ",Hombre," $8,426,021 ",28,1,Pregrado
" $8,647,684 ",Mujer," $2,735,149 ",25,1,Pregrado
" $8,257,924 ",Hombre," $423,252 ",30,0,Maestría
" $2,555,585 ",Mujer," $3,222,437 ",39,0,Maestría
" $4,155,048 ",Mujer," $2,411,577 ",45,0,Maestría
" $6,262,632 ",Mujer," $7,140,760 ",36,1,Pregrado
" $6,249,598 ",Mujer," $6,702,586 ",29,1,Especialización
" $7,242,493 ",Hombre," $723,118 ",37,0,Pregrado
" $4,548,489 ",Mujer," $5,724,079 ",33,1,Maestría
" $8,936,575 ",Hombre," $7,247,670 ",37,1,Maestría
" $4,320,604 ",Mujer," $5,680,646 ",26,0,Maestría
" $6,560,924 ",Hombre," $8,943,146 ",34,0,Pregrado
" $2,289,662 ",Mujer," $8,615,100 ",36,1,Especialización
" $5,774,759 ",Mujer," $492,169 ",44,1,Pregrado
" $1,669,518 ",Mujer," $1,224,695 ",26,0,Especialización
" $8,198,144 ",Mujer," $8,706,203 ",37,0,Pregrado
" $5,577,240 ",Mujer," $7,122,425 ",25,1,Pregrado
" $8,111,641 ",Hombre," $1,861,245 ",44,0,Especialización
" $5,882,632 ",Hombre," $1,337,025 ",44,1,Especialización
" $1,345,710 ",Mujer," $4,990,213 ",31,1,Maestría
" $3,066,846 ",Mujer," $6,252,012 ",43,1,Especialización
" $6,669,894 ",Hombre," $2,459,241 ",38,0,Especialización
" $6,909,573 ",Hombre," $8,095,682 ",36,1,Pregrado
" $6,570,923 ",Mujer," $2,864,408 ",28,1,Especialización
" $2,213,201 ",Mujer," $8,577,868 ",41,1,Pregrado
" $7,393,824 ",Hombre," $6,812,044 ",40,0,Pregrado
" $4,293,641 ",Hombre," $1,471,482 ",30,0,Maestría
" $8,372,840 ",Mujer," $7,274,432 ",41,1,Especialización
" $4,105,986 ",Hombre," $8,114,953 ",38,1,Especialización
" $3,370,085 ",Hombre," $6,247,764 ",36,0,Especialización
" $5,662,323 ",Mujer," $8,717,553 ",29,0,Pregrado
" $3,459,094 ",Mujer," $2,765,552 ",35,0,Especialización
" $4,458,210 ",Mujer," $6,461,331 ",42,1,Especialización
" $6,127,729 ",Hombre," $5,788,722 ",30,1,Maestría
" $7,882,169 ",Hombre," $8,308,102 ",40,1,Especialización
" $8,824,207 ",Mujer," $4,266,450 ",38,0,Maestría
" $1,078,585 ",Mujer," $2,192,169 ",31,1,Especialización
" $4,804,340 ",Hombre," $532,805 ",32,1,Especialización
" $4,030,870 ",Hombre," $6,665,619 ",40,0,Pregrado
" $7,792,666 ",Mujer," $5,112,107 ",43,0,Especialización
" $4,921,133 ",Hombre," $3,996,823 ",42,0,Pregrado
" $6,586,862 ",Hombre," $7,938,218 ",41,1,Especialización
" $2,654,297 ",Hombre," $8,361,987 ",36,0,Maestría
" $7,887,346 ",Hombre," $7,518,602 ",37,0,Maestría
" $7,280,107 ",Hombre," $6,454,966 ",27,1,Especialización
" $2,656,835 ",Hombre," $4,303,546 ",32,0,Maestría
" $4,319,886 ",Mujer," $5,178,416 ",43,1,Pregrado
" $6,198,314 ",Hombre," $1,329,992 ",43,1,Especialización
" $6,391,933 ",Mujer," $3,020,409 ",35,0,Maestría
" $1,144,297 ",Mujer," $8,572,744 ",42,0,Especialización
" $1,752,346 ",Hombre," $3,780,323 ",45,1,Especialización
" $8,821,080 ",Mujer," $4,866,852 ",30,1,Especialización
" $4,877,678 ",Hombre," $1,987,858 ",38,1,Especialización
" $6,695,440 ",Mujer," $7,733,318 ",36,0,Especialización
" $450,202 ",Hombre," $3,209,586 ",31,0,Pregrado
" $3,204,077 ",Hombre," $5,369,740 ",40,0,Maestría
" $1,692,749 ",Mujer," $8,312,544 ",25,1,Pregrado
" $4,234,809 ",Hombre," $7,514,796 ",31,0,Maestría
" $5,093,000 ",Hombre," $8,164,087 ",27,0,Maestría
" $1,934,450 ",Hombre," $2,300,001 ",33,1,Pregrado
" $3,603,021 ",Hombre," $621,023 ",37,0,Especialización
" $7,767,519 ",Hombre," $8,828,603 ",27,1,Maestría
" $6,870,662 ",Mujer," $8,214,269 ",25,1,Pregrado
" $3,437,714 ",Hombre," $8,267,258 ",35,0,Maestría
" $5,306,786 ",Hombre," $2,705,299 ",27,0,Maestría
" $5,866,135 ",Hombre," $1,990,713 ",38,0,Pregrado
" $3,731,736 ",Mujer," $1,258,199 ",37,1,Especialización
" $8,057,869 ",Mujer," $7,526,137 ",42,1,Maestría
" $3,350,294 ",Hombre," $1,432,995 ",39,0,Maestría
" $6,754,366 ",Hombre," $1,676,284 ",38,0,Maestría
" $1,530,708 ",Hombre," $5,818,650 ",45,0,Pregrado
" $5,802,105 ",Mujer," $1,467,282 ",33,0,Pregrado
" $4,215,465 ",Hombre," $2,866,013 ",28,0,Maestría
" $3,318,815 ",Hombre," $675,042 ",25,1,Especialización
" $813,567 ",Mujer," $2,548,037 ",36,1,Maestría
" $5,049,115 ",Mujer," $2,260,395 ",33,0,Especialización
" $2,016,977 ",Mujer," $7,701,432 ",33,1,Pregrado
" $7,421,922 ",Mujer," $4,760,986 ",40,1,Maestría
" $4,556,576 ",Hombre," $7,910,168 ",41,1,Pregrado
" $6,943,588 ",Hombre," $2,471,739 ",32,0,Pregrado
" $6,446,456 ",Hombre," $919,565 ",27,0,Maestría
" $3,637,559 ",Hombre," $1,497,496 ",36,0,Maestría
" $6,416,022 ",Mujer," $6,323,265 ",31,0,Maestría
" $4,427,175 ",Hombre," $8,739,252 ",35,1,Especialización
" $7,046,390 ",Mujer," $4,441,016 ",35,1,Especialización
" $2,172,324 ",Hombre," $6,038,052 ",40,1,Maestría
" $7,763,424 ",Hombre," $1,936,934 ",30,0,Maestría
" $7,217,146 ",Mujer," $4,976,623 ",28,0,Pregrado
" $880,696 ",Mujer," $8,801,280 ",37,0,Pregrado
" $5,042,349 ",Mujer," $8,433,487 ",44,0,Pregrado
" $6,813,868 ",Hombre," $5,666,133 ",39,0,Pregrado
" $3,372,318 ",Mujer," $4,761,887 ",42,1,Especialización
" $6,634,329 ",Hombre," $749,420 ",39,1,Especialización
" $493,481 ",Hombre," $727,789 ",25,1,Maestría
" $8,405,466 ",Mujer," $2,204,677 ",30,0,Especialización
" $7,016,812 ",Hombre," $8,282,977 ",40,0,Especialización
" $2,579,837 ",Hombre," $8,238,084 ",39,1,Pregrado
" $6,191,742 ",Hombre," $4,818,941 ",34,0,Maestría
" $5,161,438 ",Mujer," $4,159,433 ",27,1,Especialización
" $4,028,182 ",Mujer," $5,966,993 ",27,1,Pregrado
" $4,654,023 ",Hombre," $6,661,286 ",38,1,Especialización
" $740,826 ",Mujer," $2,804,647 ",38,0,Pregrado
" $8,657,569 ",Hombre," $5,141,962 ",45,1,Pregrado
" $3,566,831 ",Hombre," $6,213,251 ",41,1,Maestría
" $4,287,190 ",Hombre," $8,419,286 ",43,1,Maestría
" $1,351,946 ",Mujer," $5,657,557 ",35,0,Especialización
" $8,457,922 ",Hombre," $5,026,879 ",38,1,Pregrado
" $5,880,028 ",Hombre," $5,606,653 ",26,0,Pregrado
" $6,325,332 ",Hombre," $6,813,170 ",37,1,Maestría
" $7,474,458 ",Hombre," $2,634,043 ",36,1,Pregrado
" $7,772,584 ",Hombre," $5,411,210 ",39,1,Especialización
" $6,376,817 ",Hombre," $6,190,666 ",43,0,Maestría
" $5,203,551 ",Mujer," $1,393,851 ",35,0,Maestría
" $1,931,660 ",Hombre," $6,482,602 ",32,1,Maestría
" $1,143,538 ",Hombre," $2,881,282 ",43,0,Maestría
" $7,483,978 ",Hombre," $7,034,550 ",37,0,Pregrado
" $7,337,468 ",Mujer," $8,900,571 ",39,1,Maestría
" $5,945,174 ",Mujer," $8,891,635 ",36,1,Especialización
" $7,277,764 ",Mujer," $5,523,436 ",34,0,Maestría
" $8,961,496 ",Hombre," $6,290,185 ",30,1,Especialización
" $6,507,515 ",Hombre," $8,594,516 ",42,0,Maestría
" $5,793,949 ",Hombre," $6,970,515 ",45,1,Maestría
" $4,836,059 ",Hombre," $7,013,878 ",40,1,Especialización
" $8,795,123 ",Hombre," $8,592,666 ",39,0,Especialización
" $895,206 ",Hombre," $6,710,533 ",28,0,Especialización
" $5,740,201 ",Mujer," $2,927,874 ",33,1,Especialización
" $453,468 ",Hombre," $8,405,730 ",42,0,Maestría
" $644,977 ",Hombre," $2,860,287 ",27,0,Maestría
" $8,864,796 ",Mujer," $5,151,899 ",44,0,Especialización
" $5,384,796 ",Hombre," $7,464,559 ",39,0,Maestría
" $3,740,665 ",Hombre," $5,512,230 ",39,1,Especialización
" $1,822,905 ",Hombre," $7,883,122 ",37,0,Pregrado
" $1,402,668 ",Mujer," $4,677,121 ",30,0,Pregrado
" $1,459,039 ",Mujer," $5,821,959 ",36,1,Pregrado
" $5,911,339 ",Mujer," $630,349 ",40,1,Especialización
" $2,404,433 ",Mujer," $3,404,236 ",30,0,Pregrado
" $5,808,458 ",Hombre," $4,234,354 ",33,1,Maestría
" $2,131,368 ",Hombre," $4,065,043 ",41,1,Pregrado
" $7,716,944 ",Mujer," $1,800,758 ",26,0,Maestría
" $869,461 ",Hombre," $3,525,844 ",40,1,Pregrado
" $3,471,094 ",Mujer," $4,311,887 ",27,1,Pregrado
" $4,730,026 ",Mujer," $3,610,543 ",30,0,Maestría
" $2,215,964 ",Hombre," $6,214,876 ",42,0,Especialización
" $1,859,025 ",Hombre," $7,337,944 ",25,1,Especialización
" $2,089,028 ",Mujer," $4,891,364 ",41,1,Pregrado
" $4,250,860 ",Mujer," $6,471,052 ",28,1,Especialización
" $8,176,604 ",Mujer," $8,320,056 ",33,1,Pregrado
" $6,434,358 ",Mujer," $8,953,107 ",45,0,Maestría
" $8,204,914 ",Hombre," $3,205,318 ",40,0,Pregrado
" $2,193,421 ",Hombre," $5,465,967 ",30,1,Maestría
" $4,878,928 ",Mujer," $3,135,044 ",38,0,Pregrado
" $3,595,021 ",Mujer," $7,314,188 ",30,0,Maestría
" $5,265,916 ",Mujer," $2,066,863 ",41,1,Maestría
" $4,972,275 ",Hombre," $3,420,851 ",25,0,Maestría
" $8,953,544 ",Hombre," $7,133,950 ",25,0,Maestría
" $5,483,302 ",Hombre," $6,235,842 ",32,1,Especialización
" $1,820,977 ",Mujer," $1,712,792 ",41,1,Maestría
" $5,973,471 ",Hombre," $2,482,930 ",36,1,Especialización
" $8,806,045 ",Mujer," $6,863,029 ",36,1,Pregrado
" $7,210,272 ",Mujer," $5,266,398 ",40,0,Especialización
" $450,030 ",Mujer," $4,197,724 ",38,1,Especialización
" $2,009,393 ",Hombre," $5,652,489 ",29,1,Pregrado
" $2,344,248 ",Mujer," $4,884,678 ",38,0,Maestría
" $6,427,950 ",Mujer," $2,747,236 ",30,0,Especialización
" $7,355,180 ",Hombre," $5,009,833 ",28,1,Especialización
" $4,488,024 ",Mujer," $2,841,051 ",30,1,Especialización
" $7,865,263 ",Hombre," $6,161,649 ",29,0,Maestría
" $5,132,900 ",Mujer," $4,732,190 ",43,0,Especialización
" $6,829,944 ",Mujer," $6,430,750 ",38,1,Maestría
" $4,390,370 ",Hombre," $6,859,722 ",45,0,Especialización
" $6,749,944 ",Hombre," $4,415,819 ",31,1,Pregrado
" $2,820,180 ",Mujer," $7,321,842 ",35,1,Maestría
" $4,608,984 ",Hombre," $8,808,128 ",30,1,Pregrado
" $5,728,160 ",Mujer," $3,613,292 ",36,1,Pregrado
" $7,545,559 ",Hombre," $1,337,182 ",36,1,Maestría
" $1,222,345 ",Hombre," $6,434,867 ",32,0,Maestría
" $4,882,486 ",Hombre," $1,729,215 ",29,0,Maestría
" $6,135,493 ",Hombre," $514,176 ",39,1,Pregrado
" $5,599,241 ",Hombre," $1,597,215 ",43,1,Maestría
" $2,765,285 ",Mujer," $3,460,609 ",28,1,Pregrado
" $1,254,827 ",Mujer," $1,301,759 ",32,0,Pregrado
" $744,473 ",Hombre," $2,323,569 ",37,0,Especialización
" $3,392,789 ",Hombre," $1,273,225 ",44,0,Maestría
" $2,259,931 ",Mujer," $5,898,361 ",45,0,Especialización
" $1,628,691 ",Mujer," $3,246,760 ",34,1,Especialización
" $560,087 ",Hombre," $7,747,036 ",39,0,Maestría
" $4,126,219 ",Mujer," $8,918,662 ",38,0,Pregrado
" $1,691,583 ",Mujer," $5,544,440 ",29,1,Maestría
" $6,586,575 ",Mujer," $4,635,632 ",45,1,Maestría
" $6,097,201 ",Hombre," $8,216,873 ",39,0,Pregrado
" $2,737,907 ",Hombre," $4,313,026 ",28,0,Maestría
" $5,953,536 ",Hombre," $8,472,965 ",33,0,Especialización
" $1,931,515 ",Mujer," $4,341,683 ",29,0,Pregrado
" $7,954,700 ",Hombre," $716,408 ",35,1,Especialización
" $8,111,034 ",Mujer," $8,516,714 ",27,1,Maestría
" $1,088,028 ",Hombre," $8,634,702 ",31,1,Maestría
" $1,479,405 ",Hombre," $5,491,523 ",34,1,Pregrado
" $7,618,167 ",Hombre," $2,276,993 ",40,0,Pregrado
" $6,476,519 ",Hombre," $2,491,882 ",28,0,Maestría
" $3,838,705 ",Mujer," $4,236,088 ",44,0,Maestría
" $4,178,275 ",Mujer," $2,657,950 ",40,1,Maestría
" $5,234,980 ",Mujer," $7,752,610 ",33,1,Especialización
" $3,490,988 ",Mujer," $6,811,443 ",25,1,Especialización
" $5,622,642 ",Hombre," $7,374,885 ",44,0,Especialización
" $6,152,579 ",Mujer," $4,691,670 ",30,0,Pregrado
" $8,733,894 ",Mujer," $4,638,275 ",25,1,Pregrado
" $8,381,866 ",Mujer," $2,225,345 ",45,0,Maestría
" $5,226,281 ",Mujer," $5,020,938 ",35,1,Especialización
" $6,444,755 ",Hombre," $848,884 ",41,1,Maestría
" $5,599,836 ",Hombre," $6,581,966 ",37,0,Pregrado
" $1,906,318 ",Mujer," $6,599,613 ",45,0,Pregrado
" $8,299,344 ",Hombre," $6,611,761 ",33,1,Especialización
" $805,665 ",Hombre," $4,046,256 ",31,0,Especialización
" $8,881,550 ",Hombre," $7,987,093 ",26,0,Maestría
" $2,713,006 ",Mujer," $5,112,922 ",26,1,Maestría
" $7,506,853 ",Mujer," $6,078,396 ",31,0,Pregrado
" $5,143,840 ",Mujer," $4,690,938 ",30,1,Pregrado
" $3,443,407 ",Mujer," $3,310,932 ",36,1,Maestría
" $8,193,963 ",Mujer," $7,396,146 ",25,1,Maestría
" $4,954,263 ",Mujer," $4,212,365 ",30,1,Maestría
" $6,112,776 ",Hombre," $2,296,884 ",30,0,Maestría
" $3,577,903 ",Mujer," $1,761,922 ",35,1,Maestría
" $2,025,355 ",Mujer," $1,206,018 ",42,0,Pregrado
" $7,684,300 ",Mujer," $6,977,987 ",38,0,Especialización
" $7,132,845 ",Mujer," $3,020,350 ",29,1,Maestría
" $5,127,121 ",Mujer," $599,376 ",37,1,Maestría
" $5,476,221 ",Mujer," $5,252,686 ",44,1,Pregrado
" $3,364,909 ",Mujer," $924,673 ",39,0,Especialización
" $5,961,899 ",Mujer," $507,136 ",38,0,Especialización
" $8,324,524 ",Hombre," $2,995,741 ",40,0,Maestría
" $825,159 ",Mujer," $778,705 ",38,0,Maestría
" $6,184,609 ",Mujer," $5,123,366 ",25,1,Especialización
" $3,984,777 ",Mujer," $4,024,668 ",26,0,Especialización
" $1,764,558 ",Hombre," $8,812,238 ",26,0,Especialización
" $4,532,010 ",Hombre," $3,848,198 ",42,0,Pregrado
" $3,178,456 ",Mujer," $8,658,690 ",37,0,Especialización
" $489,504 ",Mujer," $5,530,843 ",42,1,Especialización
" $5,186,377 ",Hombre," $2,379,453 ",30,1,Maestría
" $5,774,013 ",Mujer," $7,279,397 ",38,1,Pregrado
" $5,509,086 ",Mujer," $6,752,723 ",39,0,Especialización
" $5,536,580 ",Mujer," $6,065,710 ",36,0,Maestría
" $3,138,387 ",Mujer," $6,522,689 ",41,0,Pregrado
" $6,886,336 ",Hombre," $7,369,026 ",42,1,Pregrado
" $617,405 ",Hombre," $3,432,910 ",45,0,Pregrado
" $918,646 ",Hombre," $5,555,984 ",26,1,Maestría
" $861,338 ",Hombre," $4,639,926 ",38,1,Maestría
" $5,117,030 ",Hombre," $6,767,554 ",35,0,Pregrado
" $3,662,559 ",Hombre," $2,646,136 ",32,0,Maestría
" $3,957,356 ",Mujer," $1,359,691 ",29,0,Especialización
" $2,871,802 ",Hombre," $6,034,584 ",41,0,Pregrado
" $4,962,876 ",Hombre," $2,349,224 ",37,1,Especialización
" $2,126,654 ",Hombre," $7,162,199 ",35,1,Maestría
" $1,458,109 ",Hombre," $8,315,069 ",34,0,Pregrado
" $3,799,440 ",Hombre," $2,088,765 ",33,0,Maestría
" $5,484,656 ",Mujer," $3,174,259 ",28,1,Especialización
" $2,370,955 ",Hombre," $5,819,394 ",30,1,Pregrado
" $5,667,910 ",Mujer," $3,579,975 ",29,1,Maestría
" $3,370,445 ",Hombre," $2,608,373 ",36,0,Maestría
" $5,126,062 ",Hombre," $3,661,948 ",29,0,Maestría
" $1,302,913 ",Hombre," $6,311,236 ",45,0,Pregrado
" $4,096,108 ",Hombre," $3,243,535 ",39,0,Maestría
" $2,799,515 ",Hombre," $611,010 ",32,1,Maestría
" $5,637,875 ",Mujer," $1,123,004 ",42,1,Pregrado
" $3,983,502 ",Mujer," $7,640,415 ",39,0,Pregrado
" $3,599,555 ",Hombre," $4,332,374 ",44,1,Pregrado
" $2,593,216 ",Hombre," $4,879,325 ",32,1,Maestría
" $8,078,857 ",Hombre," $3,607,296 ",45,0,Pregrado
" $6,900,761 ",Mujer," $468,694 ",41,0,Pregrado
" $6,444,291 ",Hombre," $4,249,810 ",29,0,Maestría
" $7,913,065 ",Hombre," $8,361,727 ",43,0,Especialización
" $1,702,930 ",Hombre," $6,457,747 ",42,1,Maestría
" $7,053,303 ",Mujer," $2,682,014 ",27,1,Especialización
" $4,533,337 ",Hombre," $5,208,899 ",33,0,Pregrado
" $4,932,728 ",Mujer," $8,138,668 ",39,1,Maestría
" $1,220,151 ",Mujer," $7,146,137 ",35,1,Especialización
" $1,473,594 ",Mujer," $7,288,619 ",34,1,Especialización
" $8,473,164 ",Hombre," $5,423,574 ",32,1,Pregrado
" $1,197,752 ",Mujer," $4,419,493 ",30,0,Pregrado
" $7,490,732 ",Mujer," $7,509,876 ",28,0,Pregrado
" $8,548,602 ",Hombre," $5,652,552 ",27,1,Maestría
" $2,134,776 ",Mujer," $2,768,778 ",38,1,Pregrado
" $7,362,229 ",Hombre," $5,426,967 ",28,1,Maestría
" $6,999,903 ",Hombre," $7,355,403 ",39,0,Maestría
" $6,647,156 ",Mujer," $7,128,365 ",36,0,Maestría
" $2,861,418 ",Hombre," $4,012,666 ",30,0,Maestría
" $3,158,852 ",Mujer," $2,327,160 ",44,1,Pregrado
" $441,724 ",Hombre," $8,943,470 ",38,1,Especialización
" $1,776,915 ",Hombre," $7,099,188 ",45,1,Maestría
" $7,575,658 ",Hombre," $6,559,813 ",41,1,Maestría
" $2,878,211 ",Hombre," $5,071,384 ",45,0,Maestría
" $4,539,799 ",Mujer," $1,666,005 ",45,1,Especialización
" $4,209,153 ",Mujer," $1,670,875 ",43,1,Maestría
" $863,539 ",Mujer," $1,349,128 ",35,1,Pregrado
" $5,385,634 ",Mujer," $8,305,818 ",40,0,Maestría
" $719,090 ",Mujer," $2,861,041 ",39,1,Especialización
" $6,149,529 ",Hombre," $3,905,488 ",31,0,Maestría
" $3,109,611 ",Hombre," $6,460,314 ",34,0,Pregrado
" $1,582,914 ",Hombre," $1,537,796 ",29,1,Especialización
" $7,084,501 ",Mujer," $7,926,858 ",32,1,Especialización
" $5,911,566 ",Hombre," $7,318,162 ",36,1,Especialización
" $3,300,611 ",Hombre," $5,593,783 ",42,0,Pregrado
" $8,563,446 ",Hombre," $8,641,040 ",28,0,Pregrado
" $6,507,340 ",Hombre," $6,452,809 ",43,0,Maestría
" $5,729,414 ",Hombre," $6,680,584 ",38,1,Especialización
" $1,332,762 ",Mujer," $2,407,762 ",38,0,Maestría
" $6,399,370 ",Mujer," $2,516,305 ",25,0,Maestría
" $7,500,673 ",Hombre," $3,836,177 ",26,1,Maestría
" $8,180,758 ",Mujer," $1,196,978 ",43,1,Pregrado
" $651,196 ",Mujer," $6,252,657 ",41,1,Especialización
" $2,677,068 ",Hombre," $5,809,654 ",32,0,Especialización
" $3,076,006 ",Mujer," $3,727,966 ",31,1,Pregrado
" $1,641,306 ",Hombre," $2,658,932 ",39,0,Pregrado
" $4,695,916 ",Mujer," $5,810,176 ",33,1,Pregrado
" $8,963,926 ",Hombre," $6,137,209 ",39,0,Pregrado
" $8,879,491 ",Hombre," $5,931,772 ",33,0,Maestría
" $5,328,178 ",Mujer," $8,955,664 ",38,1,Maestría
" $5,986,063 ",Hombre," $5,448,508 ",36,0,Pregrado
" $1,317,132 ",Mujer," $7,368,020 ",42,1,Especialización
" $2,545,360 ",Mujer," $1,788,333 ",37,1,Maestría
" $7,471,777 ",Hombre," $3,502,938 ",42,0,Pregrado
" $599,061 ",Hombre," $3,354,304 ",29,0,Especialización
" $3,136,694 ",Mujer," $6,813,632 ",39,0,Especialización
" $3,336,653 ",Mujer," $7,837,420 ",34,0,Pregrado
" $1,452,590 ",Hombre," $7,095,845 ",39,1,Pregrado
" $4,456,237 ",Hombre," $1,234,848 ",27,1,Maestría
" $8,035,810 ",Mujer," $4,617,176 ",37,0,Pregrado
" $5,986,581 ",Mujer," $3,146,259 ",36,0,Pregrado
" $7,608,114 ",Hombre," $6,125,951 ",27,0,Maestría
" $6,392,271 ",Mujer," $3,208,882 ",32,0,Especialización
" $5,762,894 ",Mujer," $3,108,112 ",38,1,Especialización
" $8,793,616 ",Hombre," $5,864,736 ",43,1,Maestría
" $1,392,706 ",Hombre," $5,759,349 ",33,0,Pregrado
" $7,383,275 ",Mujer," $4,037,376 ",36,1,Maestría
" $6,947,635 ",Hombre," $3,607,365 ",31,0,Maestría
" $2,869,473 ",Mujer," $8,749,589 ",39,1,Especialización
" $4,834,426 ",Hombre," $8,345,389 ",28,1,Maestría
" $7,352,320 ",Mujer," $5,454,050 ",42,1,Especialización
" $5,556,547 ",Mujer," $4,127,955 ",40,0,Pregrado
" $6,360,213 ",Mujer," $6,622,055 ",40,0,Especialización
" $7,210,166 ",Mujer," $1,225,351 ",30,0,Pregrado
" $2,784,254 ",Mujer," $1,655,393 ",34,1,Especialización
" $1,233,467 ",Hombre," $5,326,704 ",35,1,Especialización
" $1,865,900 ",Hombre," $8,066,755 ",34,0,Maestría
" $1,168,180 ",Mujer," $6,189,218 ",44,1,Maestría
" $5,367,545 ",Hombre," $1,329,813 ",33,0,Maestría
" $5,542,303 ",Mujer," $8,068,954 ",38,1,Maestría
" $3,040,891 ",Hombre," $4,074,355 ",37,1,Pregrado
" $4,618,990 ",Hombre," $3,758,094 ",34,0,Especialización
" $2,661,761 ",Mujer," $4,020,848 ",33,1,Especialización
" $6,861,916 ",Hombre," $2,319,912 ",41,0,Maestría
" $4,728,179 ",Hombre," $3,493,994 ",38,1,Maestría
" $964,408 ",Hombre," $6,428,960 ",41,0,Pregrado
" $2,621,585 ",Mujer," $798,683 ",26,1,Pregrado
" $7,314,835 ",Mujer," $4,708,045 ",35,0,Maestría
" $1,598,580 ",Mujer," $3,951,690 ",44,0,Maestría
" $3,575,398 ",Hombre," $5,764,127 ",36,0,Maestría
" $6,369,764 ",Hombre," $1,811,201 ",26,1,Especialización
" $5,627,210 ",Hombre," $2,090,190 ",40,1,Pregrado
" $6,813,767 ",Mujer," $6,723,287 ",34,0,Pregrado
" $6,862,811 ",Hombre," $7,975,686 ",34,1,Maestría
" $6,864,208 ",Mujer," $4,852,281 ",38,1,Pregrado
" $894,239 ",Hombre," $7,484,787 ",26,1,Maestría
" $3,433,247 ",Hombre," $5,672,489 ",42,0,Pregrado
" $1,808,557 ",Mujer," $1,859,335 ",38,1,Maestría
" $5,818,919 ",Mujer," $2,963,829 ",34,1,Pregrado
" $7,934,890 ",Hombre," $2,170,993 ",26,1,Maestría
" $8,894,106 ",Hombre," $7,467,918 ",33,0,Especialización
" $1,696,521 ",Mujer," $1,074,406 ",44,0,Maestría
" $8,724,331 ",Hombre," $1,600,243 ",43,1,Pregrado
" $7,306,314 ",Hombre," $6,528,942 ",27,0,Especialización
" $6,019,747 ",Hombre," $4,232,370 ",43,1,Maestría
" $6,432,724 ",Mujer," $5,207,482 ",39,1,Especialización
" $2,905,256 ",Hombre," $431,528 ",43,1,Especialización
" $2,740,990 ",Mujer," $1,538,555 ",37,0,Especialización
" $6,586,462 ",Mujer," $3,873,414 ",36,1,Pregrado
" $3,534,837 ",Mujer," $4,675,360 ",36,0,Maestría
" $1,188,338 ",Mujer," $6,825,030 ",39,0,Maestría
" $704,727 ",Hombre," $3,219,147 ",40,1,Maestría
" $3,509,473 ",Mujer," $8,689,432 ",37,1,Maestría
" $1,427,426 ",Mujer," $3,281,607 ",42,1,Especialización
" $4,119,005 ",Mujer," $8,313,833 ",27,0,Especialización
" $1,518,532 ",Mujer," $5,432,023 ",43,0,Especialización
" $5,182,188 ",Hombre," $2,522,838 ",40,1,Pregrado
" $2,751,216 ",Hombre," $4,082,691 ",25,1,Pregrado
" $3,417,524 ",Mujer," $6,196,370 ",35,1,Especialización
" $1,654,294 ",Mujer," $3,331,485 ",32,1,Especialización
" $710,050 ",Hombre," $5,213,438 ",39,1,Especialización
" $4,986,567 ",Hombre," $3,856,223 ",32,0,Maestría
" $6,829,892 ",Mujer," $3,818,845 ",29,1,Pregrado
" $7,707,119 ",Mujer," $7,037,491 ",27,0,Maestría
" $8,366,703 ",Mujer," $2,128,788 ",32,1,Maestría
" $5,418,404 ",Mujer," $1,617,751 ",27,0,Maestría
" $8,856,113 ",Hombre," $7,098,370 ",25,0,Pregrado
" $838,308 ",Hombre," $1,819,032 ",33,0,Maestría
" $4,067,450 ",Mujer," $3,596,910 ",41,0,Pregrado
" $8,430,141 ",Hombre," $4,439,827 ",37,0,Maestría
" $2,389,217 ",Hombre," $3,904,886 ",41,0,Maestría
" $6,053,541 ",Mujer," $1,935,697 ",34,1,Maestría
" $7,695,486 ",Mujer," $4,122,182 ",42,1,Pregrado
" $2,748,347 ",Hombre," $1,801,189 ",38,1,Maestría
" $7,308,365 ",Mujer," $7,007,537 ",40,0,Maestría
" $3,207,034 ",Mujer," $3,993,774 ",28,0,Maestría
" $832,524 ",Mujer," $7,617,195 ",41,1,Maestría
" $6,103,454 ",Hombre," $8,041,156 ",31,1,Especialización
" $2,156,458 ",Mujer," $750,623 ",37,0,Maestría
" $2,192,038 ",Mujer," $5,100,594 ",27,1,Pregrado
" $4,743,333 ",Hombre," $5,771,693 ",38,0,Especialización
" $3,380,919 ",Mujer," $7,911,594 ",29,1,Maestría
" $4,056,142 ",Hombre," $5,547,188 ",28,0,Maestría
" $1,909,139 ",Mujer," $3,194,971 ",44,1,Especialización
" $5,452,952 ",Mujer," $2,595,571 ",39,1,Pregrado
" $7,746,867 ",Mujer," $5,330,511 ",37,1,Pregrado
" $8,833,030 ",Hombre," $8,808,990 ",29,1,Especialización
" $7,794,053 ",Hombre," $7,171,036 ",28,1,Especialización
" $2,930,918 ",Hombre," $2,380,253 ",44,1,Especialización
" $5,692,000 ",Mujer," $3,846,230 ",40,1,Especialización
" $8,868,556 ",Hombre," $1,752,522 ",39,0,Maestría
" $5,493,685 ",Hombre," $5,469,422 ",44,0,Maestría
" $4,851,834 ",Mujer," $8,473,231 ",27,0,Especialización
" $4,694,890 ",Hombre," $4,012,938 ",39,0,Especialización
" $3,122,169 ",Mujer," $2,815,224 ",26,1,Especialización
" $1,231,550 ",Hombre," $4,142,120 ",40,1,Pregrado
" $8,844,033 ",Mujer," $2,659,095 ",34,1,Maestría
" $7,828,385 ",Hombre," $4,325,020 ",31,0,Especialización
" $7,193,509 ",Hombre," $3,653,283 ",43,0,Especialización
" $538,245 ",Mujer," $6,801,072 ",33,1,Especialización
" $8,838,203 ",Mujer," $8,387,583 ",31,0,Especialización
" $7,191,594 ",Hombre," $4,684,589 ",28,0,Especialización
" $718,369 ",Hombre," $6,739,043 ",38,0,Maestría
" $8,864,042 ",Mujer," $8,834,897 ",38,0,Pregrado
" $1,042,113 ",Mujer," $3,116,042 ",34,1,Especialización
" $4,216,010 ",Hombre," $6,310,924 ",43,0,Especialización
" $1,834,983 ",Mujer," $2,487,270 ",45,1,Especialización
" $7,243,528 ",Hombre," $7,029,169 ",36,0,Especialización
" $4,778,043 ",Hombre," $6,739,457 ",40,1,Especialización
" $7,915,238 ",Hombre," $7,092,880 ",34,1,Maestría
" $2,301,449 ",Hombre," $824,836 ",35,0,Maestría
" $6,149,123 ",Mujer," $7,060,012 ",45,1,Especialización
" $4,244,506 ",Mujer," $5,819,640 ",31,1,Maestría
